Noise,Eve_Prob,QBER_No_Attack,QBER_With_Attack,Status
0.0,0.0,0.0,0.0,Secure
0.001,0.001,0.00381,0.0,Secure
0.002,0.002,0.00197,0.0,Secure
0.003,0.003,0.00213,0.00591,Secure
0.004,0.004,0.00201,0.00411,Secure
0.005,0.005,0.00626,0.00598,Secure
0.006,0.006,0.00198,0.00611,Secure
0.007,0.007,0.00195,0.01328,Secure
0.008,0.008,0.01014,0.0099,Secure
0.009,0.009,0.01037,0.01765,Secure
0.01,0.01,0.00197,0.0101,Secure
0.011,0.011,0.01268,0.01569,Secure
0.012,0.012,0.01053,0.02554,Secure
0.013,0.013,0.01423,0.01536,Secure
0.014,0.014,0.01524,0.00813,Secure
0.015,0.015,0.01713,0.01616,Secure
0.016,0.016,0.0142,0.02947,Secure
0.017,0.017,0.00967,0.01544,Secure
0.018,0.018,0.022,0.01636,Secure
0.019,0.019,0.0129,0.01527,Secure
0.02,0.02,0.0153,0.02621,Secure
0.021,0.021,0.02817,0.01871,Secure
0.022,0.022,0.02376,0.05133,Secure
0.023,0.023,0.02539,0.03393,Secure
0.024,0.024,0.02326,0.03,Secure
0.025,0.025,0.02088,0.03214,Secure
0.026,0.026,0.01198,0.02817,Secure
0.027,0.027,0.03112,0.0332,Secure
0.028,0.028,0.03557,0.03295,Secure
0.029,0.029,0.02947,0.04348,Secure
0.03,0.03,0.01714,0.0394,Secure
0.031,0.031,0.02308,0.05732,Secure
0.032,0.032,0.0303,0.0568,Secure
0.033,0.033,0.03774,0.05155,Secure
0.034,0.034,0.04008,0.05611,Secure
0.035,0.035,0.02994,0.04365,Secure
0.036,0.036,0.03629,0.04339,Secure
0.037,0.037,0.03386,0.04453,Secure
0.038,0.038,0.03017,0.05263,Secure
0.039,0.039,0.0411,0.03571,Secure
0.04,0.04,0.02778,0.04545,Secure
0.041,0.041,0.04321,0.0586,Secure
0.042,0.042,0.03926,0.05455,Secure
0.043,0.043,0.04277,0.06557,Secure
0.044,0.044,0.05354,0.04015,Secure
0.045,0.045,0.03696,0.04217,Secure
0.046,0.046,0.04713,0.04873,Secure
0.047,0.047,0.05389,0.05524,Secure
0.048,0.048,0.05544,0.058,Secure
0.049,0.049,0.04563,0.04888,Secure
0.05,0.05,0.05368,0.07617,Secure
0.051,0.051,0.06939,0.06322,Secure
0.052,0.052,0.06465,0.06395,Secure
0.053,0.053,0.02985,0.062,Secure
0.054,0.054,0.05315,0.05521,Secure
0.055,0.055,0.07229,0.06654,Secure
0.056,0.056,0.05979,0.07782,Secure
0.057,0.057,0.06303,0.05293,Secure
0.058,0.058,0.06055,0.08835,Secure
0.059,0.059,0.04969,0.10891,Secure
0.06,0.06,0.05556,0.06818,Secure
0.061,0.061,0.06366,0.06263,Secure
0.062,0.062,0.03901,0.07752,Secure
0.063,0.063,0.06841,0.07661,Secure
0.064,0.064,0.06188,0.05637,Secure
0.065,0.065,0.06371,0.07302,Secure
0.066,0.066,0.04981,0.06641,Secure
0.067,0.067,0.0503,0.07824,Secure
0.068,0.068,0.06615,0.08555,Secure
0.069,0.069,0.07582,0.07955,Secure
0.07,0.07,0.07143,0.09611,Secure
0.071,0.071,0.0613,0.12281,Rejected
